song_id,song_name,artist,genre,language,duration_sec,popularity,danceability,energy,loudness,speechiness,acousticness,instrumentalness,liveness,valence,tempo_bpm
S0001,Song_0001,Artist_084,Classical,Hindi,277,1,0.346,0.732,-13.62,0.028,0.653,0.374,0.292,0.81,63.83
S0002,Song_0002,Artist_003,Classical,Hindi,169,26,0.785,0.196,-12.74,0.023,0.482,0.672,0.279,0.918,83.17
S0003,Song_0003,Artist_037,Hip-Hop,English,304,38,0.384,0.907,-6.03,0.041,0.741,0.084,0.482,0.923,188.24
S0004,Song_0004,Artist_040,Hip-Hop,English,315,38,0.312,0.733,-6.61,0.17,0.801,0.461,0.081,0.9,152.96
S0005,Song_0005,Artist_072,Pop,English,221,61,0.345,0.571,-3.4,0.259,0.555,0.508,0.669,0.558,139.9
S0006,Song_0006,Artist_040,Hip-Hop,English,214,44,0.342,0.516,-5.47,0.021,0.592,0.445,0.463,0.381,66.12
S0007,Song_0007,Artist_056,Hip-Hop,English,331,86,0.6,0.258,-8.39,0.282,0.276,0.659,0.547,0.057,174.28
S0008,Song_0008,Artist_023,Electronic,Telugu,262,44,0.859,0.392,-2.11,0.05,0.851,0.345,0.571,0.107,165.66
S0009,Song_0009,Artist_011,Electronic,English,173,74,0.262,0.871,-11.54,0.256,0.033,0.85,0.254,0.449,146.42
S0010,Song_0010,Artist_064,Hip-Hop,English,277,62,0.751,0.901,-4.17,0.155,0.338,0.434,0.392,0.421,104.09
S0011,Song_0011,Artist_008,Indie,Hindi,324,6,0.71,0.151,-9.45,0.205,0.688,0.514,0.766,0.222,69.17
S0012,Song_0012,Artist_093,Country,Hindi,348,17,0.881,0.643,-6.57,0.163,0.085,0.743,0.62,0.418,135.41
S0013,Song_0013,Artist_094,Country,Tamil,232,51,0.39,0.747,-5.55,0.154,0.182,0.248,0.777,0.212,153.56
S0014,Song_0014,Artist_056,Pop,Hindi,212,38,0.551,0.664,-6.76,0.254,0.564,0.068,0.605,0.839,72.25
S0015,Song_0015,Artist_060,Classical,English,334,24,0.922,0.218,-13.17,0.232,0.536,0.637,0.165,0.327,142.39
S0016,Song_0016,Artist_010,Rock,Telugu,332,51,0.715,0.331,-9.24,0.155,0.705,0.435,0.08,0.607,97.23
S0017,Song_0017,Artist_039,Pop,Hindi,209,10,0.503,0.358,-7.7,0.051,0.774,0.807,0.475,0.518,159.35
S0018,Song_0018,Artist_028,Hip-Hop,English,248,72,0.303,0.84,-3.96,0.052,0.131,0.884,0.306,0.098,130.15
S0019,Song_0019,Artist_049,Electronic,Hindi,211,21,0.405,0.534,-9.23,0.244,0.027,0.359,0.242,0.926,76.77
S0020,Song_0020,Artist_036,Jazz,Tamil,179,70,0.653,0.554,-3.06,0.168,0.658,0.374,0.652,0.54,128.45
S0021,Song_0021,Artist_013,Indie,English,171,85,0.76,0.926,-9.28,0.155,0.293,0.367,0.313,0.352,111.45
S0022,Song_0022,Artist_096,R&B,English,352,57,0.297,0.679,-7.87,0.211,0.598,0.292,0.274,0.197,83.45
S0023,Song_0023,Artist_036,Electronic,English,275,39,0.668,0.896,-4.65,0.26,0.152,0.704,0.684,0.365,169.4
S0024,Song_0024,Artist_026,Country,English,306,88,0.629,0.529,-7.42,0.196,0.451,0.683,0.682,0.069,61.43
S0025,Song_0025,Artist_086,Electronic,English,318,33,0.601,0.274,-2.52,0.234,0.484,0.431,0.304,0.388,100.58
S0026,Song_0026,Artist_004,Indie,Hindi,191,59,0.738,0.922,-6.42,0.234,0.56,0.04,0.671,0.544,61.64
S0027,Song_0027,Artist_095,Rock,English,247,18,0.853,0.531,-8.2,0.12,0.492,0.279,0.685,0.861,72.48
S0028,Song_0028,Artist_082,Hip-Hop,Spanish,342,56,0.452,0.301,-14.69,0.097,0.476,0.263,0.356,0.689,98.62
S0029,Song_0029,Artist_064,Jazz,Telugu,180,92,0.893,0.401,-9.62,0.244,0.323,0.73,0.081,0.154,67.06
S0030,Song_0030,Artist_038,Country,Hindi,307,57,0.325,0.192,-11.11,0.126,0.077,0.079,0.031,0.187,137.56
S0031,Song_0031,Artist_088,Country,Tamil,261,96,0.335,0.539,-5.27,0.273,0.094,0.725,0.433,0.448,71.29
S0032,Song_0032,Artist_087,Lo-Fi,English,295,76,0.408,0.858,-12.29,0.04,0.418,0.602,0.295,0.232,151.22
S0033,Song_0033,Artist_022,Classical,Hindi,271,48,0.293,0.925,-12.33,0.036,0.344,0.659,0.798,0.076,66.84
S0034,Song_0034,Artist_002,Rock,Hindi,166,42,0.38,0.924,-12.54,0.28,0.495,0.389,0.625,0.799,67.71
S0035,Song_0035,Artist_031,Country,Tamil,187,27,0.283,0.254,-13.37,0.202,0.297,0.612,0.616,0.068,99.69
S0036,Song_0036,Artist_011,Classical,Telugu,291,74,0.841,0.467,-10.96,0.126,0.657,0.548,0.766,0.823,176.55
S0037,Song_0037,Artist_092,Country,English,356,52,0.308,0.173,-3.48,0.231,0.822,0.692,0.714,0.184,143.38
S0038,Song_0038,Artist_046,Hip-Hop,Spanish,259,42,0.783,0.86,-4.93,0.208,0.291,0.402,0.275,0.956,160.12
S0039,Song_0039,Artist_096,Classical,English,333,32,0.237,0.448,-5.44,0.169,0.191,0.426,0.158,0.612,78.4
S0040,Song_0040,Artist_062,Indie,Tamil,171,26,0.94,0.674,-4.63,0.048,0.119,0.579,0.604,0.734,168.44
S0041,Song_0041,Artist_069,Lo-Fi,Spanish,344,25,0.755,0.743,-11.5,0.247,0.589,0.097,0.321,0.153,61.06
S0042,Song_0042,Artist_064,Hip-Hop,English,205,75,0.205,0.507,-3.46,0.262,0.427,0.393,0.394,0.852,87.7
S0043,Song_0043,Artist_010,Indie,Telugu,268,23,0.796,0.404,-13.22,0.068,0.187,0.875,0.515,0.83,140.09
S0044,Song_0044,Artist_040,Jazz,English,296,98,0.601,0.949,-10.63,0.258,0.624,0.034,0.729,0.657,108.78
S0045,Song_0045,Artist_024,Rock,English,206,57,0.808,0.951,-7.37,0.266,0.15,0.284,0.353,0.517,187.95
S0046,Song_0046,Artist_099,Rock,Hindi,321,52,0.608,0.39,-13.66,0.174,0.531,0.283,0.633,0.721,63.94
S0047,Song_0047,Artist_044,R&B,Hindi,184,87,0.7,0.548,-5.51,0.204,0.506,0.57,0.237,0.056,189.82
S0048,Song_0048,Artist_060,R&B,Spanish,263,93,0.813,0.957,-9.97,0.127,0.7,0.095,0.567,0.601,141.07
S0049,Song_0049,Artist_062,Classical,Telugu,274,31,0.516,0.154,-4.8,0.099,0.062,0.566,0.031,0.838,132.63
S0050,Song_0050,Artist_087,Rock,Hindi,278,64,0.202,0.493,-8.59,0.222,0.845,0.086,0.701,0.382,67.74
S0051,Song_0051,Artist_017,Classical,Telugu,201,71,0.863,0.233,-12.65,0.261,0.671,0.085,0.053,0.151,95.53
S0052,Song_0052,Artist_065,R&B,Spanish,234,33,0.497,0.573,-5.45,0.203,0.213,0.655,0.579,0.441,180.21
S0053,Song_0053,Artist_095,Jazz,English,347,85,0.587,0.17,-11.72,0.163,0.182,0.292,0.066,0.726,106.05
S0054,Song_0054,Artist_095,Country,Spanish,314,2,0.206,0.488,-8.62,0.064,0.416,0.88,0.235,0.15,146.01
S0055,Song_0055,Artist_057,Indie,English,214,18,0.584,0.333,-14.02,0.035,0.779,0.034,0.413,0.242,189.93
S0056,Song_0056,Artist_055,Electronic,Telugu,328,47,0.969,0.593,-6.97,0.145,0.802,0.401,0.353,0.187,94.2
S0057,Song_0057,Artist_053,Classical,English,278,33,0.417,0.977,-6.34,0.034,0.499,0.102,0.178,0.791,134.89
S0058,Song_0058,Artist_056,Jazz,English,170,98,0.508,0.814,-10.08,0.179,0.819,0.316,0.287,0.108,150.54
S0059,Song_0059,Artist_098,Indie,English,330,84,0.736,0.852,-2.59,0.127,0.015,0.898,0.59,0.689,81.4
S0060,Song_0060,Artist_009,Rock,Hindi,165,35,0.836,0.677,-3.64,0.232,0.043,0.8,0.545,0.391,79.33
S0061,Song_0061,Artist_022,Country,English,272,51,0.526,0.184,-5.8,0.106,0.867,0.043,0.085,0.753,119.32
S0062,Song_0062,Artist_013,Indie,English,210,18,0.442,0.322,-5.72,0.186,0.739,0.507,0.605,0.947,110.16
S0063,Song_0063,Artist_089,Lo-Fi,Hindi,203,88,0.932,0.918,-11.72,0.171,0.434,0.583,0.071,0.157,152.85
S0064,Song_0064,Artist_048,R&B,Tamil,317,72,0.728,0.454,-6.46,0.021,0.718,0.189,0.448,0.342,69.04
S0065,Song_0065,Artist_018,Indie,English,175,30,0.293,0.236,-12.42,0.04,0.908,0.131,0.23,0.803,186.38
S0066,Song_0066,Artist_076,Electronic,English,229,44,0.254,0.733,-13.13,0.101,0.736,0.814,0.483,0.298,61.86
S0067,Song_0067,Artist_040,Jazz,English,214,53,0.577,0.399,-2.01,0.267,0.802,0.872,0.231,0.25,138.17
S0068,Song_0068,Artist_017,Country,English,249,10,0.372,0.373,-6.91,0.061,0.725,0.893,0.788,0.818,133.14
S0069,Song_0069,Artist_015,Hip-Hop,Tamil,223,87,0.398,0.978,-9.4,0.219,0.168,0.711,0.268,0.968,77.51
S0070,Song_0070,Artist_015,Indie,Tamil,341,52,0.885,0.862,-11.25,0.293,0.794,0.597,0.216,0.568,79.62
S0071,Song_0071,Artist_079,Pop,Hindi,320,49,0.27,0.489,-7.15,0.241,0.193,0.311,0.244,0.309,163.05
S0072,Song_0072,Artist_063,Electronic,English,166,11,0.758,0.964,-14.36,0.088,0.849,0.154,0.72,0.421,175.38
S0073,Song_0073,Artist_039,Electronic,Telugu,270,66,0.411,0.69,-13.77,0.274,0.441,0.071,0.52,0.208,96.79
S0074,Song_0074,Artist_013,Pop,Hindi,336,58,0.793,0.766,-14.57,0.046,0.646,0.624,0.593,0.759,116.94
S0075,Song_0075,Artist_081,Lo-Fi,Tamil,172,90,0.763,0.176,-8.51,0.151,0.477,0.706,0.737,0.769,106.15
S0076,Song_0076,Artist_032,Hip-Hop,Hindi,284,36,0.206,0.251,-7.19,0.269,0.098,0.744,0.732,0.864,69.43
S0077,Song_0077,Artist_009,R&B,Telugu,321,33,0.597,0.675,-14.19,0.2,0.283,0.822,0.599,0.075,147.52
S0078,Song_0078,Artist_040,Jazz,Hindi,330,47,0.309,0.896,-5.62,0.136,0.935,0.792,0.182,0.573,167.28
S0079,Song_0079,Artist_020,Country,English,220,13,0.876,0.668,-12,0.102,0.913,0.9,0.679,0.249,99.63
S0080,Song_0080,Artist_090,Jazz,Spanish,257,40,0.88,0.261,-6.09,0.125,0.311,0.22,0.187,0.367,188.72
S0081,Song_0081,Artist_091,Hip-Hop,Hindi,228,89,0.526,0.246,-2.24,0.163,0.947,0.687,0.602,0.78,69.86
S0082,Song_0082,Artist_085,Jazz,Hindi,311,68,0.547,0.851,-6.02,0.109,0.805,0.528,0.558,0.229,146.03
S0083,Song_0083,Artist_082,Pop,English,195,42,0.437,0.266,-3.52,0.291,0.584,0.235,0.614,0.644,118.27
S0084,Song_0084,Artist_077,Electronic,Hindi,345,19,0.759,0.582,-2.67,0.281,0.048,0.884,0.44,0.659,118.06
S0085,Song_0085,Artist_080,Jazz,Hindi,355,82,0.48,0.181,-8.67,0.264,0.857,0.808,0.522,0.937,119.49
S0086,Song_0086,Artist_073,Classical,English,227,94,0.409,0.217,-5.87,0.138,0.534,0.116,0.764,0.771,93.63
S0087,Song_0087,Artist_063,Indie,English,165,19,0.537,0.708,-3.92,0.214,0.826,0.024,0.108,0.797,153.02
S0088,Song_0088,Artist_076,Hip-Hop,Hindi,220,58,0.271,0.722,-10.36,0.273,0.794,0.619,0.268,0.544,153.8
S0089,Song_0089,Artist_044,Lo-Fi,Telugu,245,23,0.782,0.433,-11.6,0.258,0.793,0.544,0.501,0.224,96.71
S0090,Song_0090,Artist_038,Classical,Hindi,296,54,0.21,0.329,-2.69,0.136,0.666,0.842,0.772,0.446,168.59
S0091,Song_0091,Artist_083,Pop,English,151,80,0.703,0.825,-5.56,0.051,0.284,0.211,0.104,0.561,101.19
S0092,Song_0092,Artist_060,Rock,Hindi,159,65,0.343,0.33,-12.14,0.041,0.326,0.076,0.047,0.681,154.26
S0093,Song_0093,Artist_071,Pop,English,327,12,0.381,0.6,-9.16,0.182,0.3,0.233,0.073,0.615,75.73
S0094,Song_0094,Artist_099,Lo-Fi,English,274,24,0.696,0.954,-4.65,0.2,0.029,0.017,0.07,0.416,81.93
S0095,Song_0095,Artist_048,Lo-Fi,English,230,34,0.974,0.273,-7.89,0.258,0.558,0.032,0.729,0.297,101.05
S0096,Song_0096,Artist_018,Classical,English,289,53,0.807,0.931,-6.55,0.102,0.667,0.823,0.585,0.206,137.2
S0097,Song_0097,Artist_016,Indie,English,219,8,0.376,0.302,-5.2,0.067,0.813,0.317,0.551,0.695,143.92
S0098,Song_0098,Artist_055,Hip-Hop,English,299,18,0.337,0.621,-6.91,0.126,0.142,0.37,0.432,0.65,111.53
S0099,Song_0099,Artist_039,R&B,English,181,57,0.876,0.463,-7.98,0.119,0.522,0.017,0.632,0.689,70.12
S0100,Song_0100,Artist_068,Electronic,English,254,5,0.546,0.951,-5.26,0.057,0.018,0.243,0.15,0.396,108.57
S0101,Song_0101,Artist_059,Classical,Hindi,233,26,0.307,0.377,-5.54,0.208,0.099,0.724,0.332,0.294,149.54
S0102,Song_0102,Artist_089,Lo-Fi,Hindi,278,30,0.873,0.482,-6.81,0.162,0.061,0.554,0.407,0.757,147.23
S0103,Song_0103,Artist_096,Rock,English,331,54,0.837,0.966,-10.32,0.222,0.692,0.678,0.115,0.769,80.83
S0104,Song_0104,Artist_062,Country,Tamil,207,13,0.967,0.595,-9.72,0.119,0.086,0.402,0.353,0.474,61.01
S0105,Song_0105,Artist_013,Lo-Fi,English,347,83,0.91,0.567,-2.38,0.111,0.683,0.279,0.274,0.619,157.89
S0106,Song_0106,Artist_081,Indie,Hindi,360,29,0.864,0.364,-13.54,0.152,0.245,0.435,0.057,0.397,73.83
S0107,Song_0107,Artist_006,Indie,English,295,3,0.241,0.732,-11.51,0.266,0.835,0.291,0.135,0.703,70.71
S0108,Song_0108,Artist_083,Lo-Fi,English,283,90,0.281,0.162,-8.6,0.031,0.774,0.755,0.618,0.827,60.35
S0109,Song_0109,Artist_077,Indie,Hindi,194,58,0.644,0.191,-4.12,0.245,0.91,0.268,0.044,0.69,116.24
S0110,Song_0110,Artist_060,Classical,Hindi,246,76,0.615,0.647,-12.87,0.123,0.841,0.594,0.749,0.527,125.42
S0111,Song_0111,Artist_090,Lo-Fi,Tamil,172,2,0.557,0.434,-11.4,0.259,0.887,0.123,0.097,0.477,142.9
S0112,Song_0112,Artist_014,Lo-Fi,Hindi,172,75,0.509,0.941,-14.14,0.245,0.817,0.618,0.645,0.647,98.49
S0113,Song_0113,Artist_095,Hip-Hop,Spanish,303,28,0.536,0.9,-5.82,0.118,0.662,0.822,0.722,0.682,152.36
S0114,Song_0114,Artist_054,Electronic,English,354,82,0.644,0.742,-11.9,0.214,0.17,0.548,0.755,0.57,82.01
S0115,Song_0115,Artist_004,Rock,English,284,77,0.202,0.829,-9.95,0.065,0.265,0.504,0.698,0.631,168.16
S0116,Song_0116,Artist_039,Indie,English,228,86,0.403,0.704,-9.23,0.271,0.21,0.865,0.251,0.14,134.34
S0117,Song_0117,Artist_072,Hip-Hop,English,193,76,0.604,0.254,-3.41,0.133,0.577,0.565,0.286,0.935,135.91
S0118,Song_0118,Artist_025,R&B,Hindi,176,2,0.763,0.785,-9.65,0.148,0.483,0.234,0.358,0.785,87.27
S0119,Song_0119,Artist_077,R&B,Hindi,175,7,0.336,0.324,-13.11,0.218,0.825,0.263,0.137,0.398,69.63
S0120,Song_0120,Artist_032,Jazz,English,246,26,0.627,0.418,-8.18,0.25,0.906,0.635,0.047,0.573,120.41
S0121,Song_0121,Artist_059,Classical,Spanish,356,90,0.757,0.83,-2.48,0.086,0.391,0.662,0.699,0.094,140.03
S0122,Song_0122,Artist_063,Classical,Tamil,185,88,0.547,0.595,-7.1,0.205,0.486,0.273,0.457,0.088,72.36
S0123,Song_0123,Artist_038,Pop,English,258,76,0.221,0.864,-2.22,0.13,0.923,0.311,0.499,0.283,183.57
S0124,Song_0124,Artist_092,Rock,English,204,16,0.55,0.327,-4.07,0.123,0.27,0.892,0.744,0.691,187.45
S0125,Song_0125,Artist_053,Lo-Fi,English,341,23,0.431,0.654,-14.53,0.213,0.755,0.092,0.542,0.842,130.91
S0126,Song_0126,Artist_094,Indie,English,334,40,0.925,0.22,-6.44,0.128,0.222,0.364,0.562,0.57,183.51
S0127,Song_0127,Artist_067,Rock,English,218,60,0.297,0.684,-11.27,0.117,0.651,0.056,0.636,0.545,83.33
S0128,Song_0128,Artist_028,Jazz,Hindi,210,73,0.709,0.783,-7.72,0.254,0.248,0.739,0.12,0.424,63.3
S0129,Song_0129,Artist_003,Pop,English,279,32,0.241,0.635,-11.37,0.048,0.841,0.083,0.307,0.2,65.12
S0130,Song_0130,Artist_098,Hip-Hop,English,204,15,0.548,0.371,-10.46,0.209,0.538,0.607,0.776,0.16,136.38
S0131,Song_0131,Artist_080,Rock,Spanish,271,13,0.632,0.176,-3,0.09,0.185,0.051,0.741,0.757,68.01
S0132,Song_0132,Artist_022,Hip-Hop,Telugu,246,5,0.432,0.249,-12.31,0.024,0.221,0.606,0.711,0.913,184.61
S0133,Song_0133,Artist_096,R&B,Spanish,229,75,0.555,0.667,-3.64,0.067,0.474,0.759,0.378,0.476,78.45
S0134,Song_0134,Artist_038,Indie,English,236,74,0.328,0.926,-14.6,0.19,0.914,0.359,0.69,0.663,99.61
S0135,Song_0135,Artist_072,Jazz,English,187,52,0.437,0.321,-13.82,0.219,0.733,0.47,0.067,0.9,166.93
S0136,Song_0136,Artist_072,Lo-Fi,Hindi,268,77,0.684,0.76,-3.89,0.026,0.469,0.361,0.144,0.134,88.44
S0137,Song_0137,Artist_062,Indie,English,357,41,0.435,0.869,-6.8,0.03,0.327,0.27,0.349,0.767,91.59
S0138,Song_0138,Artist_057,Electronic,English,227,53,0.902,0.582,-5.29,0.273,0.526,0.723,0.402,0.624,143.5
S0139,Song_0139,Artist_006,Classical,Telugu,306,50,0.69,0.705,-12.28,0.041,0.713,0.245,0.233,0.607,95.89
S0140,Song_0140,Artist_078,Jazz,Hindi,303,15,0.542,0.826,-8.02,0.27,0.747,0.651,0.304,0.322,88.27
S0141,Song_0141,Artist_032,Rock,English,184,7,0.23,0.366,-5.42,0.084,0.315,0.186,0.155,0.686,93.04
S0142,Song_0142,Artist_099,Indie,Hindi,228,40,0.59,0.396,-6.84,0.227,0.688,0.225,0.407,0.789,123.78
S0143,Song_0143,Artist_010,Country,English,216,28,0.797,0.151,-8.87,0.107,0.628,0.303,0.641,0.155,185.59
S0144,Song_0144,Artist_003,Classical,English,236,32,0.407,0.949,-2.52,0.26,0.912,0.53,0.539,0.546,168.19
S0145,Song_0145,Artist_059,Classical,English,306,99,0.829,0.912,-6.21,0.216,0.885,0.409,0.113,0.144,97
S0146,Song_0146,Artist_076,Country,English,183,15,0.396,0.785,-3.2,0.133,0.752,0.671,0.405,0.861,107.24
S0147,Song_0147,Artist_049,Pop,English,246,100,0.843,0.216,-5.51,0.041,0.69,0.192,0.567,0.522,120.39
S0148,Song_0148,Artist_059,Pop,Spanish,318,85,0.267,0.521,-5.44,0.225,0.268,0.01,0.438,0.801,187.26
S0149,Song_0149,Artist_031,Country,Hindi,318,70,0.876,0.235,-13.96,0.193,0.805,0.699,0.332,0.392,82.41
S0150,Song_0150,Artist_093,Electronic,Telugu,300,65,0.589,0.163,-10.33,0.021,0.412,0.739,0.509,0.166,106.47
S0151,Song_0151,Artist_069,R&B,English,220,4,0.431,0.661,-3.84,0.023,0.266,0.054,0.776,0.089,154.83
S0152,Song_0152,Artist_062,Country,English,152,11,0.407,0.947,-11.98,0.246,0.371,0.55,0.103,0.312,185.31
S0153,Song_0153,Artist_052,R&B,English,207,26,0.537,0.899,-13.5,0.093,0.796,0.34,0.33,0.277,80.24
S0154,Song_0154,Artist_089,Indie,English,181,61,0.979,0.728,-10.76,0.198,0.15,0.715,0.343,0.571,89.56
S0155,Song_0155,Artist_041,Electronic,English,180,37,0.372,0.23,-12.13,0.147,0.439,0.787,0.474,0.07,89.34
S0156,Song_0156,Artist_031,Jazz,Telugu,231,23,0.281,0.378,-2.97,0.262,0.473,0.766,0.147,0.534,62.72
S0157,Song_0157,Artist_085,R&B,Telugu,192,93,0.656,0.416,-3.72,0.277,0.044,0.699,0.166,0.414,138.54
S0158,Song_0158,Artist_084,Classical,Hindi,284,85,0.581,0.783,-8.5,0.299,0.194,0.242,0.25,0.587,147.19
S0159,Song_0159,Artist_022,Indie,Hindi,254,91,0.609,0.816,-14.2,0.063,0.787,0.731,0.766,0.703,138.33
S0160,Song_0160,Artist_004,Classical,Spanish,150,40,0.72,0.47,-5.71,0.262,0.791,0.48,0.595,0.64,69.27
S0161,Song_0161,Artist_013,Electronic,English,210,77,0.408,0.497,-6.9,0.094,0.285,0.047,0.54,0.966,69
S0162,Song_0162,Artist_045,R&B,English,163,23,0.91,0.187,-2.38,0.185,0.832,0.411,0.659,0.179,87.35
S0163,Song_0163,Artist_042,Hip-Hop,English,329,16,0.54,0.39,-7.73,0.162,0.735,0.848,0.128,0.45,97.74
S0164,Song_0164,Artist_049,Electronic,Telugu,155,94,0.301,0.525,-10.63,0.025,0.403,0.799,0.692,0.445,162.25
S0165,Song_0165,Artist_020,Electronic,Spanish,252,61,0.779,0.247,-8.25,0.281,0.714,0.092,0.488,0.438,80.72
S0166,Song_0166,Artist_077,Hip-Hop,English,159,68,0.702,0.526,-2.27,0.042,0.914,0.67,0.288,0.667,65.73
S0167,Song_0167,Artist_081,Indie,Tamil,220,80,0.446,0.858,-5.95,0.213,0.441,0.725,0.658,0.506,111.22
S0168,Song_0168,Artist_054,R&B,Tamil,239,31,0.685,0.632,-6.26,0.24,0.234,0.244,0.648,0.531,114.13
S0169,Song_0169,Artist_036,R&B,English,307,53,0.371,0.216,-11.87,0.243,0.895,0.424,0.681,0.452,118.62
S0170,Song_0170,Artist_097,Classical,English,298,25,0.547,0.309,-5.33,0.058,0.578,0.64,0.119,0.972,167.5
S0171,Song_0171,Artist_001,Electronic,English,275,44,0.902,0.544,-5.25,0.145,0.109,0.395,0.776,0.913,72.74
S0172,Song_0172,Artist_015,Electronic,Spanish,337,12,0.304,0.45,-10.88,0.252,0.548,0.102,0.769,0.336,151.51
S0173,Song_0173,Artist_077,Lo-Fi,English,358,90,0.502,0.448,-8.71,0.105,0.481,0.635,0.305,0.154,103.93
S0174,Song_0174,Artist_017,Jazz,Telugu,246,97,0.84,0.589,-11.17,0.151,0.814,0.82,0.081,0.831,100.3
S0175,Song_0175,Artist_024,Electronic,English,223,92,0.956,0.635,-11.64,0.096,0.509,0.587,0.159,0.977,181.23
S0176,Song_0176,Artist_058,Rock,Telugu,264,9,0.554,0.811,-14.66,0.15,0.25,0.696,0.794,0.322,92.3
S0177,Song_0177,Artist_072,Jazz,English,340,12,0.595,0.433,-11.29,0.269,0.645,0.323,0.464,0.383,143.53
S0178,Song_0178,Artist_091,Rock,Hindi,319,69,0.646,0.819,-7.8,0.147,0.52,0.165,0.305,0.926,95.77
S0179,Song_0179,Artist_023,R&B,Tamil,200,54,0.927,0.431,-14.98,0.176,0.229,0.578,0.252,0.711,125.93
S0180,Song_0180,Artist_046,Jazz,Telugu,341,54,0.869,0.196,-11.32,0.133,0.549,0.295,0.228,0.325,162.22
S0181,Song_0181,Artist_072,Electronic,Tamil,353,28,0.333,0.61,-3.54,0.149,0.782,0.774,0.541,0.59,174.62
S0182,Song_0182,Artist_008,Hip-Hop,English,205,56,0.541,0.638,-7.28,0.024,0.037,0.11,0.353,0.928,169.03
S0183,Song_0183,Artist_059,Classical,Telugu,357,99,0.562,0.926,-7.1,0.099,0.603,0.39,0.773,0.805,135.68
S0184,Song_0184,Artist_090,Rock,English,190,69,0.815,0.753,-9.76,0.142,0.339,0.357,0.557,0.74,92.35
S0185,Song_0185,Artist_059,Jazz,English,181,98,0.67,0.912,-6.21,0.197,0.285,0.844,0.64,0.735,145.96
S0186,Song_0186,Artist_013,Electronic,Hindi,164,98,0.71,0.904,-12.53,0.146,0.379,0.138,0.255,0.216,152.29
S0187,Song_0187,Artist_039,Jazz,English,211,77,0.979,0.652,-4.36,0.115,0.332,0.009,0.091,0.817,61.39
S0188,Song_0188,Artist_028,Electronic,Hindi,304,58,0.258,0.588,-13.48,0.129,0.792,0.214,0.406,0.307,117.1
S0189,Song_0189,Artist_089,Electronic,Spanish,177,78,0.374,0.613,-6.47,0.088,0.268,0.738,0.272,0.915,169.62
S0190,Song_0190,Artist_061,Electronic,English,358,75,0.518,0.962,-10.57,0.279,0.699,0.188,0.186,0.389,123.65
S0191,Song_0191,Artist_016,Lo-Fi,Telugu,213,42,0.471,0.792,-5.28,0.166,0.098,0.217,0.764,0.848,100.48
S0192,Song_0192,Artist_002,Classical,English,336,38,0.217,0.238,-7.85,0.024,0.904,0.117,0.372,0.298,173.33
S0193,Song_0193,Artist_082,Hip-Hop,English,335,68,0.272,0.796,-9.12,0.025,0.595,0.644,0.165,0.529,80.26
S0194,Song_0194,Artist_017,Hip-Hop,English,279,53,0.731,0.292,-12.8,0.292,0.674,0.062,0.183,0.149,86.84
S0195,Song_0195,Artist_030,Jazz,Spanish,276,33,0.886,0.521,-6.72,0.082,0.29,0.298,0.246,0.664,149.36
S0196,Song_0196,Artist_013,Jazz,Tamil,185,71,0.601,0.325,-2.33,0.246,0.397,0.254,0.799,0.828,105.82
S0197,Song_0197,Artist_096,Electronic,Tamil,263,56,0.621,0.722,-4.27,0.036,0.22,0.5,0.236,0.718,152.69
S0198,Song_0198,Artist_093,Lo-Fi,Spanish,348,72,0.399,0.878,-14.22,0.278,0.887,0.657,0.283,0.537,80.5
S0199,Song_0199,Artist_094,Electronic,English,162,51,0.799,0.391,-10.11,0.265,0.469,0.48,0.538,0.092,92.79
S0200,Song_0200,Artist_082,Lo-Fi,English,164,74,0.786,0.218,-2.97,0.18,0.603,0.838,0.256,0.918,80.36
S0201,Song_0201,Artist_013,Electronic,Hindi,238,43,0.659,0.398,-8.46,0.023,0.7,0.856,0.196,0.706,183.88
S0202,Song_0202,Artist_043,Rock,Hindi,337,15,0.366,0.708,-6.39,0.092,0.359,0.325,0.152,0.744,112.7
S0203,Song_0203,Artist_085,Rock,English,171,38,0.276,0.423,-3.14,0.134,0.687,0.7,0.271,0.789,103.84
S0204,Song_0204,Artist_094,R&B,English,340,15,0.25,0.381,-3.64,0.149,0.645,0.665,0.112,0.745,61.85
S0205,Song_0205,Artist_021,Electronic,Hindi,352,5,0.662,0.303,-8.48,0.103,0.673,0.804,0.044,0.46,79.94
S0206,Song_0206,Artist_055,Classical,Hindi,223,93,0.844,0.563,-9.31,0.029,0.47,0.403,0.65,0.732,114.75
S0207,Song_0207,Artist_081,R&B,English,174,83,0.869,0.379,-10.58,0.185,0.37,0.477,0.136,0.631,68.91
S0208,Song_0208,Artist_040,Jazz,Hindi,250,54,0.562,0.757,-5.65,0.167,0.219,0.374,0.628,0.844,126.4
S0209,Song_0209,Artist_083,Indie,Hindi,325,51,0.812,0.214,-11.27,0.099,0.785,0.765,0.644,0.796,119.15
S0210,Song_0210,Artist_015,Electronic,Hindi,320,10,0.939,0.701,-11.75,0.031,0.582,0.207,0.444,0.088,159.73
S0211,Song_0211,Artist_073,Rock,English,266,12,0.415,0.347,-10.37,0.298,0.428,0.216,0.268,0.402,145.77
S0212,Song_0212,Artist_052,Indie,Telugu,315,4,0.51,0.556,-12.7,0.155,0.897,0.335,0.142,0.082,117.97
S0213,Song_0213,Artist_074,Lo-Fi,English,190,95,0.927,0.387,-5.96,0.232,0.055,0.207,0.597,0.145,89.21
S0214,Song_0214,Artist_095,Indie,English,322,18,0.464,0.75,-6.99,0.147,0.809,0.505,0.493,0.609,154.49
S0215,Song_0215,Artist_053,Classical,Telugu,237,80,0.913,0.935,-8.72,0.032,0.948,0.121,0.535,0.863,152.02
S0216,Song_0216,Artist_087,Electronic,Hindi,317,36,0.965,0.911,-9.93,0.107,0.844,0.288,0.037,0.161,79.93
S0217,Song_0217,Artist_052,Hip-Hop,English,259,25,0.716,0.634,-3.18,0.11,0.772,0.822,0.744,0.47,178.92
S0218,Song_0218,Artist_030,Indie,Telugu,269,87,0.837,0.534,-14.62,0.255,0.362,0.368,0.081,0.897,68.37
S0219,Song_0219,Artist_033,Hip-Hop,Hindi,246,76,0.785,0.829,-5,0.203,0.227,0.673,0.312,0.807,67.15
S0220,Song_0220,Artist_057,Lo-Fi,Telugu,294,98,0.746,0.717,-3.28,0.097,0.701,0.102,0.34,0.533,84.36
S0221,Song_0221,Artist_052,R&B,Telugu,206,36,0.439,0.302,-9.2,0.291,0.296,0.223,0.031,0.768,178.23
S0222,Song_0222,Artist_009,Hip-Hop,Hindi,279,67,0.245,0.831,-7.84,0.11,0.175,0.727,0.413,0.536,127.6
S0223,Song_0223,Artist_054,R&B,Hindi,245,9,0.468,0.506,-2.72,0.3,0.749,0.687,0.61,0.197,162.43
S0224,Song_0224,Artist_001,Rock,English,270,61,0.72,0.307,-12.24,0.299,0.304,0.348,0.664,0.166,89.62
S0225,Song_0225,Artist_044,Electronic,English,211,53,0.28,0.384,-8.24,0.074,0.87,0.859,0.707,0.225,123.73
S0226,Song_0226,Artist_099,Indie,English,286,18,0.209,0.372,-8.83,0.108,0.8,0.82,0.406,0.376,106.58
S0227,Song_0227,Artist_075,Rock,Hindi,217,43,0.309,0.581,-11.64,0.156,0.807,0.866,0.516,0.915,167.62
S0228,Song_0228,Artist_098,Rock,Hindi,230,35,0.758,0.345,-4.36,0.206,0.735,0.385,0.091,0.794,62.94
S0229,Song_0229,Artist_080,Country,English,166,63,0.959,0.253,-3.31,0.168,0.838,0.178,0.406,0.453,91.7
S0230,Song_0230,Artist_009,Pop,English,266,98,0.967,0.253,-4.83,0.291,0.767,0.564,0.149,0.509,79.83
S0231,Song_0231,Artist_032,Classical,Hindi,199,78,0.585,0.634,-12.46,0.223,0.576,0.616,0.315,0.297,171.69
S0232,Song_0232,Artist_015,R&B,English,261,4,0.878,0.76,-13.87,0.079,0.288,0.113,0.284,0.705,120.78
S0233,Song_0233,Artist_012,Country,Telugu,243,93,0.775,0.417,-7.13,0.049,0.845,0.708,0.356,0.797,112.55
S0234,Song_0234,Artist_097,Pop,English,317,41,0.591,0.179,-14.26,0.213,0.8,0.016,0.47,0.272,118.43
S0235,Song_0235,Artist_078,Classical,Hindi,335,45,0.647,0.256,-6.25,0.064,0.455,0.434,0.725,0.089,186.35
S0236,Song_0236,Artist_057,R&B,Spanish,352,50,0.307,0.909,-8.1,0.241,0.047,0.298,0.334,0.63,170.53
S0237,Song_0237,Artist_008,Electronic,English,234,79,0.931,0.56,-6.38,0.107,0.61,0.666,0.785,0.573,151.83
S0238,Song_0238,Artist_072,Classical,Hindi,298,28,0.475,0.526,-7.33,0.112,0.058,0.281,0.614,0.424,97.76
S0239,Song_0239,Artist_027,Indie,English,295,42,0.548,0.182,-9.5,0.023,0.881,0.744,0.424,0.649,81.47
S0240,Song_0240,Artist_062,Rock,Hindi,332,80,0.724,0.755,-12.39,0.216,0.914,0.535,0.526,0.562,179.79
S0241,Song_0241,Artist_012,Pop,Hindi,306,76,0.46,0.588,-11.03,0.052,0.188,0.715,0.109,0.283,115
S0242,Song_0242,Artist_065,Pop,English,301,69,0.398,0.318,-8.18,0.236,0.646,0.89,0.68,0.42,96.24
S0243,Song_0243,Artist_042,Pop,Hindi,223,98,0.692,0.241,-6.53,0.158,0.097,0.611,0.478,0.448,121.22
S0244,Song_0244,Artist_062,R&B,Tamil,258,1,0.219,0.468,-4.87,0.24,0.696,0.886,0.789,0.869,179.32
S0245,Song_0245,Artist_011,Indie,English,294,39,0.762,0.845,-5.03,0.183,0.336,0.026,0.52,0.944,110.32
S0246,Song_0246,Artist_043,Classical,English,167,96,0.601,0.868,-2.36,0.043,0.65,0.304,0.672,0.88,133.14
S0247,Song_0247,Artist_095,Rock,Tamil,191,90,0.672,0.65,-11.28,0.234,0.361,0.097,0.646,0.719,164.39
S0248,Song_0248,Artist_017,Indie,Hindi,250,17,0.693,0.754,-14.08,0.04,0.147,0.236,0.296,0.594,115.53
S0249,Song_0249,Artist_097,Country,Tamil,194,91,0.611,0.246,-10.51,0.154,0.392,0.755,0.23,0.691,90.36
S0250,Song_0250,Artist_032,Electronic,Hindi,231,88,0.654,0.638,-5.34,0.068,0.116,0.029,0.361,0.923,189.29
S0251,Song_0251,Artist_093,Hip-Hop,Telugu,166,35,0.733,0.704,-9.3,0.231,0.552,0.468,0.39,0.282,184.35
S0252,Song_0252,Artist_085,Indie,English,222,46,0.787,0.317,-4.37,0.275,0.048,0.51,0.215,0.548,169.65
S0253,Song_0253,Artist_085,Country,Telugu,163,42,0.767,0.881,-7.86,0.175,0.506,0.505,0.719,0.691,149.49
S0254,Song_0254,Artist_040,Rock,Tamil,326,39,0.878,0.312,-2.91,0.168,0.843,0.428,0.448,0.682,98.33
S0255,Song_0255,Artist_023,Hip-Hop,Hindi,306,90,0.348,0.41,-2.68,0.234,0.798,0.712,0.783,0.285,178.74
S0256,Song_0256,Artist_056,Hip-Hop,English,281,49,0.513,0.665,-14.1,0.021,0.84,0.12,0.654,0.596,95.82
S0257,Song_0257,Artist_006,Indie,English,231,62,0.939,0.68,-9.07,0.277,0.877,0.28,0.458,0.79,164.11
S0258,Song_0258,Artist_086,Pop,English,297,38,0.509,0.73,-7.07,0.075,0.108,0.554,0.759,0.492,179.37
S0259,Song_0259,Artist_050,Jazz,English,269,23,0.297,0.243,-11.67,0.296,0.131,0.622,0.419,0.788,138.39
S0260,Song_0260,Artist_037,Rock,English,269,22,0.61,0.855,-9.71,0.226,0.534,0.364,0.713,0.385,164.4
S0261,Song_0261,Artist_064,Pop,Hindi,196,4,0.285,0.592,-6.19,0.237,0.85,0.788,0.306,0.923,162.92
S0262,Song_0262,Artist_054,Rock,Hindi,256,49,0.358,0.541,-12.05,0.204,0.926,0.374,0.322,0.547,85.11
S0263,Song_0263,Artist_072,Jazz,English,257,59,0.979,0.964,-7.17,0.152,0.053,0.362,0.352,0.604,146.83
S0264,Song_0264,Artist_049,Electronic,Hindi,158,73,0.622,0.765,-5.93,0.18,0.344,0.033,0.451,0.079,72.15
S0265,Song_0265,Artist_099,Jazz,English,354,68,0.422,0.248,-13.82,0.033,0.21,0.496,0.456,0.208,126.02
S0266,Song_0266,Artist_011,Lo-Fi,English,228,71,0.976,0.778,-8.53,0.195,0.721,0.638,0.412,0.639,81.09
S0267,Song_0267,Artist_088,Indie,English,304,87,0.954,0.229,-11.58,0.195,0.612,0.103,0.266,0.44,114.13
S0268,Song_0268,Artist_049,Indie,Hindi,164,2,0.544,0.173,-5.58,0.27,0.123,0.275,0.744,0.523,168.29
S0269,Song_0269,Artist_021,Country,English,168,49,0.403,0.485,-12.54,0.162,0.465,0.703,0.483,0.109,188.33
S0270,Song_0270,Artist_066,Pop,English,239,88,0.854,0.975,-3.4,0.042,0.654,0.329,0.344,0.826,101.33
S0271,Song_0271,Artist_063,Country,English,329,95,0.758,0.295,-9.4,0.106,0.742,0.217,0.531,0.78,129.15
S0272,Song_0272,Artist_083,Lo-Fi,Telugu,175,31,0.736,0.708,-12.43,0.204,0.029,0.605,0.621,0.222,126.47
S0273,Song_0273,Artist_028,Jazz,English,303,40,0.897,0.294,-9.31,0.087,0.847,0.177,0.77,0.64,184.07
S0274,Song_0274,Artist_017,Indie,Hindi,303,48,0.738,0.752,-9.69,0.099,0.545,0.806,0.415,0.811,122.22
S0275,Song_0275,Artist_006,R&B,Hindi,323,51,0.421,0.569,-9.42,0.25,0.773,0.095,0.116,0.646,150.88
S0276,Song_0276,Artist_019,Jazz,Telugu,241,43,0.741,0.714,-7.39,0.184,0.769,0.636,0.369,0.339,179.83
S0277,Song_0277,Artist_056,Jazz,Spanish,326,98,0.439,0.318,-8.22,0.162,0.188,0.45,0.399,0.66,108.54
S0278,Song_0278,Artist_028,Lo-Fi,English,231,55,0.792,0.769,-13.05,0.109,0.114,0.783,0.721,0.246,177.28
S0279,Song_0279,Artist_066,Electronic,English,330,88,0.683,0.976,-14.15,0.225,0.688,0.114,0.334,0.346,179.27
S0280,Song_0280,Artist_038,Rock,Tamil,280,49,0.26,0.702,-5.52,0.101,0.157,0.61,0.764,0.273,180.99
S0281,Song_0281,Artist_037,Lo-Fi,Hindi,343,90,0.6,0.56,-7.72,0.226,0.809,0.515,0.404,0.568,95.16
S0282,Song_0282,Artist_068,Rock,Hindi,191,80,0.468,0.916,-10.33,0.04,0.693,0.432,0.78,0.151,112.05
S0283,Song_0283,Artist_086,Indie,Hindi,168,57,0.456,0.163,-4.49,0.262,0.801,0.442,0.036,0.918,173.15
S0284,Song_0284,Artist_090,Lo-Fi,Telugu,166,77,0.67,0.756,-9.96,0.16,0.291,0.65,0.722,0.36,106.69
S0285,Song_0285,Artist_049,Rock,Spanish,310,15,0.451,0.888,-4.65,0.143,0.308,0.844,0.747,0.254,138.03
S0286,Song_0286,Artist_043,Country,Spanish,225,27,0.806,0.201,-11.03,0.191,0.641,0.082,0.77,0.512,75.35
S0287,Song_0287,Artist_036,Lo-Fi,Telugu,326,68,0.255,0.524,-14.05,0.195,0.04,0.018,0.04,0.308,67.32
S0288,Song_0288,Artist_058,Indie,English,333,80,0.715,0.32,-2.88,0.057,0.693,0.725,0.162,0.547,113.56
S0289,Song_0289,Artist_013,Lo-Fi,Tamil,212,64,0.831,0.62,-9.87,0.232,0.796,0.097,0.533,0.374,135.26
S0290,Song_0290,Artist_052,Indie,English,280,94,0.725,0.689,-4.69,0.097,0.4,0.888,0.05,0.173,111.05
S0291,Song_0291,Artist_058,Lo-Fi,English,256,30,0.588,0.401,-11.37,0.273,0.729,0.557,0.079,0.297,135.11
S0292,Song_0292,Artist_032,Rock,Tamil,198,36,0.941,0.532,-6.6,0.249,0.174,0.586,0.2,0.458,126.96
S0293,Song_0293,Artist_081,Electronic,English,204,67,0.434,0.382,-3.65,0.117,0.313,0.179,0.425,0.078,149.14
S0294,Song_0294,Artist_100,Classical,English,303,86,0.215,0.457,-14.46,0.246,0.926,0.216,0.45,0.767,144.44
S0295,Song_0295,Artist_060,Rock,English,248,86,0.537,0.282,-4.2,0.12,0.937,0.593,0.056,0.628,115.15
S0296,Song_0296,Artist_083,Pop,Tamil,349,49,0.226,0.885,-7.57,0.048,0.492,0.819,0.161,0.609,115.25
S0297,Song_0297,Artist_058,Hip-Hop,Hindi,201,76,0.944,0.158,-7.1,0.289,0.888,0.884,0.415,0.558,78.3
S0298,Song_0298,Artist_099,Electronic,Telugu,249,55,0.364,0.882,-8.2,0.203,0.501,0.178,0.487,0.599,126.72
S0299,Song_0299,Artist_056,Country,English,266,85,0.815,0.624,-3.63,0.148,0.284,0.121,0.144,0.919,136.33
S0300,Song_0300,Artist_028,Jazz,Telugu,267,56,0.804,0.425,-14.44,0.131,0.261,0.051,0.337,0.058,121.94
S0301,Song_0301,Artist_001,Rock,Telugu,156,68,0.37,0.75,-11.61,0.111,0.884,0.781,0.726,0.094,102.34
S0302,Song_0302,Artist_042,Lo-Fi,English,195,95,0.685,0.571,-3.62,0.295,0.172,0.265,0.799,0.228,153.81
S0303,Song_0303,Artist_082,Rock,English,195,44,0.238,0.564,-5.22,0.058,0.555,0.002,0.79,0.206,69.71
S0304,Song_0304,Artist_048,R&B,English,249,31,0.577,0.241,-14.77,0.108,0.532,0.201,0.709,0.219,178.88
S0305,Song_0305,Artist_040,Electronic,Spanish,293,58,0.211,0.473,-8.28,0.156,0.705,0.306,0.334,0.675,62.68
S0306,Song_0306,Artist_097,Classical,Hindi,301,87,0.918,0.35,-8.12,0.154,0.479,0.892,0.559,0.477,185.11
S0307,Song_0307,Artist_063,Country,Spanish,338,53,0.961,0.163,-9.79,0.152,0.266,0.471,0.351,0.972,120.11
S0308,Song_0308,Artist_076,R&B,English,203,84,0.373,0.449,-11.13,0.069,0.169,0.184,0.529,0.261,113.65
S0309,Song_0309,Artist_072,Indie,Telugu,211,79,0.362,0.225,-6.14,0.061,0.594,0.301,0.268,0.339,93.34
S0310,Song_0310,Artist_088,R&B,Telugu,278,23,0.788,0.363,-12.3,0.091,0.686,0.297,0.497,0.965,61.31
S0311,Song_0311,Artist_080,Rock,Telugu,198,28,0.398,0.227,-4.61,0.276,0.545,0.018,0.433,0.824,95.72
S0312,Song_0312,Artist_004,Country,Spanish,174,16,0.898,0.234,-4.56,0.052,0.704,0.122,0.049,0.487,74.22
S0313,Song_0313,Artist_038,Rock,English,159,37,0.648,0.315,-9.6,0.232,0.143,0.626,0.639,0.566,145.78
S0314,Song_0314,Artist_027,Indie,English,267,21,0.474,0.98,-11.31,0.232,0.84,0.108,0.039,0.834,101.48
S0315,Song_0315,Artist_009,Jazz,Telugu,357,79,0.85,0.152,-11.31,0.247,0.557,0.208,0.256,0.497,159.73
S0316,Song_0316,Artist_016,Country,Telugu,293,17,0.585,0.68,-8.73,0.268,0.129,0.316,0.035,0.242,86.9
S0317,Song_0317,Artist_056,Jazz,Hindi,335,37,0.911,0.267,-5.65,0.094,0.444,0.682,0.32,0.82,177.03
S0318,Song_0318,Artist_076,Electronic,English,349,77,0.924,0.914,-10.33,0.083,0.804,0.524,0.079,0.55,127.99
S0319,Song_0319,Artist_031,Electronic,Hindi,306,19,0.329,0.228,-7.07,0.15,0.854,0.62,0.733,0.192,74.89
S0320,Song_0320,Artist_088,Jazz,English,241,30,0.202,0.943,-10.03,0.094,0.259,0.51,0.35,0.52,112.11
S0321,Song_0321,Artist_014,Electronic,English,283,45,0.967,0.657,-11.04,0.226,0.679,0.615,0.384,0.434,86.88
S0322,Song_0322,Artist_025,Country,Hindi,293,18,0.907,0.151,-14.68,0.198,0.104,0.003,0.299,0.865,85.96
S0323,Song_0323,Artist_034,Lo-Fi,Telugu,297,78,0.243,0.892,-14.95,0.265,0.042,0.838,0.513,0.167,125.83
S0324,Song_0324,Artist_067,Pop,English,229,62,0.85,0.583,-12.05,0.043,0.537,0.1,0.634,0.864,147.35
S0325,Song_0325,Artist_024,Electronic,English,220,36,0.557,0.368,-9.72,0.276,0.663,0.366,0.529,0.526,178.51
S0326,Song_0326,Artist_073,Electronic,English,227,100,0.402,0.787,-3.93,0.102,0.758,0.694,0.606,0.426,125.28
S0327,Song_0327,Artist_026,Rock,English,192,84,0.885,0.919,-4.62,0.157,0.33,0.392,0.728,0.201,185.56
S0328,Song_0328,Artist_020,Jazz,Telugu,303,52,0.353,0.551,-11.53,0.143,0.016,0.852,0.695,0.702,182.41
S0329,Song_0329,Artist_064,Hip-Hop,Tamil,239,19,0.939,0.412,-11.82,0.233,0.461,0.421,0.549,0.912,172.46
S0330,Song_0330,Artist_010,Classical,English,227,44,0.36,0.805,-12.04,0.138,0.025,0.787,0.195,0.399,125
S0331,Song_0331,Artist_083,R&B,Telugu,348,7,0.679,0.716,-10.59,0.284,0.096,0.73,0.521,0.275,78.32
S0332,Song_0332,Artist_067,Electronic,Tamil,310,44,0.374,0.888,-8.52,0.273,0.317,0.883,0.42,0.566,88.33
S0333,Song_0333,Artist_024,R&B,Tamil,175,68,0.626,0.725,-9.3,0.264,0.421,0.834,0.582,0.79,144.2
S0334,Song_0334,Artist_005,Country,English,270,34,0.734,0.352,-12.16,0.04,0.273,0.808,0.671,0.054,114.83
S0335,Song_0335,Artist_067,Hip-Hop,Spanish,194,66,0.348,0.923,-13.3,0.259,0.557,0.658,0.602,0.637,79.08
S0336,Song_0336,Artist_058,Classical,English,212,69,0.606,0.237,-14.84,0.239,0.062,0.33,0.682,0.605,122.27
S0337,Song_0337,Artist_027,Jazz,English,344,55,0.566,0.372,-13,0.049,0.146,0.096,0.079,0.346,62.27
S0338,Song_0338,Artist_080,Pop,English,329,10,0.255,0.582,-5.83,0.05,0.664,0.62,0.054,0.47,155.41
S0339,Song_0339,Artist_015,Classical,Hindi,217,96,0.838,0.62,-11.83,0.048,0.144,0.881,0.229,0.28,69.57
S0340,Song_0340,Artist_035,Classical,English,303,42,0.462,0.163,-8.91,0.023,0.611,0.654,0.724,0.785,141.78
S0341,Song_0341,Artist_076,Pop,English,352,41,0.648,0.798,-7.31,0.174,0.061,0.836,0.664,0.64,163.09
S0342,Song_0342,Artist_053,Lo-Fi,English,151,77,0.602,0.45,-3.47,0.293,0.393,0.724,0.556,0.545,77.24
S0343,Song_0343,Artist_044,Jazz,Telugu,291,69,0.6,0.487,-3.44,0.143,0.177,0.147,0.57,0.415,127.42
S0344,Song_0344,Artist_026,Rock,Tamil,257,10,0.284,0.822,-5.31,0.171,0.113,0.224,0.59,0.321,161.28
S0345,Song_0345,Artist_047,R&B,English,179,10,0.53,0.465,-14.54,0.291,0.543,0.308,0.756,0.815,93.88
S0346,Song_0346,Artist_034,Electronic,Tamil,198,91,0.553,0.189,-7.52,0.091,0.883,0.151,0.671,0.47,81.18
S0347,Song_0347,Artist_087,Classical,Tamil,289,60,0.772,0.296,-4.77,0.26,0.061,0.523,0.51,0.516,103.79
S0348,Song_0348,Artist_095,Country,Telugu,193,51,0.855,0.943,-14.78,0.173,0.406,0.878,0.543,0.534,132.11
S0349,Song_0349,Artist_050,Pop,English,310,21,0.625,0.208,-7.85,0.179,0.675,0.685,0.195,0.467,134.79
S0350,Song_0350,Artist_084,R&B,Telugu,162,8,0.268,0.445,-3.85,0.116,0.445,0.381,0.536,0.288,77.01
S0351,Song_0351,Artist_012,Hip-Hop,Spanish,227,65,0.385,0.568,-8.84,0.177,0.768,0.004,0.357,0.162,119.48
S0352,Song_0352,Artist_087,Pop,Telugu,275,92,0.329,0.559,-14.95,0.04,0.179,0.282,0.148,0.142,94.88
S0353,Song_0353,Artist_004,Hip-Hop,English,247,78,0.297,0.153,-14.86,0.234,0.912,0.474,0.651,0.754,169.46
S0354,Song_0354,Artist_087,Jazz,Hindi,175,85,0.485,0.566,-9.58,0.1,0.372,0.292,0.423,0.258,100.76
S0355,Song_0355,Artist_048,Classical,Hindi,298,30,0.379,0.469,-12.98,0.269,0.331,0.1,0.783,0.102,169.03
S0356,Song_0356,Artist_055,Country,Hindi,305,85,0.37,0.957,-6.36,0.123,0.832,0.398,0.247,0.792,115.71
S0357,Song_0357,Artist_001,Electronic,English,197,49,0.243,0.282,-5.79,0.06,0.54,0.228,0.4,0.193,154.46
S0358,Song_0358,Artist_089,Hip-Hop,English,317,9,0.214,0.444,-12.69,0.215,0.495,0.818,0.375,0.631,126.31
S0359,Song_0359,Artist_066,R&B,Telugu,215,17,0.28,0.498,-3.45,0.066,0.693,0.092,0.123,0.365,140.86
S0360,Song_0360,Artist_030,Lo-Fi,Tamil,350,69,0.334,0.474,-9.26,0.231,0.555,0.044,0.358,0.168,111.4
S0361,Song_0361,Artist_003,Jazz,English,236,58,0.536,0.703,-13.14,0.291,0.163,0.005,0.251,0.435,159.87
S0362,Song_0362,Artist_021,Lo-Fi,Spanish,228,57,0.598,0.329,-5.06,0.238,0.644,0.295,0.153,0.064,115.27
S0363,Song_0363,Artist_089,Jazz,English,354,62,0.31,0.333,-4.73,0.026,0.135,0.594,0.247,0.832,119.47
S0364,Song_0364,Artist_084,Rock,Hindi,172,95,0.531,0.755,-6.69,0.188,0.768,0.657,0.21,0.528,127.3
S0365,Song_0365,Artist_049,R&B,Telugu,230,52,0.467,0.565,-3.9,0.215,0.94,0.408,0.595,0.179,168.14
S0366,Song_0366,Artist_086,Lo-Fi,Telugu,197,61,0.343,0.495,-5.41,0.251,0.365,0.616,0.054,0.27,145.72
S0367,Song_0367,Artist_085,Country,Spanish,273,40,0.205,0.29,-3.53,0.036,0.428,0.324,0.505,0.467,105.39
S0368,Song_0368,Artist_062,Classical,English,279,38,0.564,0.306,-9.36,0.154,0.054,0.601,0.616,0.226,147.14
S0369,Song_0369,Artist_097,Pop,Tamil,233,43,0.735,0.159,-5.28,0.17,0.023,0.037,0.4,0.3,143.52
S0370,Song_0370,Artist_038,Electronic,English,169,63,0.376,0.226,-2,0.067,0.876,0.352,0.747,0.547,181.03
S0371,Song_0371,Artist_015,Classical,Telugu,336,19,0.303,0.612,-5.58,0.11,0.131,0.712,0.575,0.824,169.38
S0372,Song_0372,Artist_052,Classical,Telugu,195,100,0.892,0.89,-13.52,0.143,0.429,0.723,0.606,0.424,144.17
S0373,Song_0373,Artist_079,Jazz,Telugu,280,50,0.415,0.388,-8.26,0.253,0.776,0.645,0.182,0.717,104.4
S0374,Song_0374,Artist_046,Country,English,332,33,0.374,0.422,-7.36,0.28,0.846,0.184,0.629,0.865,161.34
S0375,Song_0375,Artist_025,Jazz,Tamil,161,13,0.869,0.246,-12.74,0.196,0.498,0.222,0.671,0.251,134.78
S0376,Song_0376,Artist_021,Indie,English,189,78,0.837,0.473,-2.48,0.131,0.541,0.896,0.308,0.801,188.09
S0377,Song_0377,Artist_088,Hip-Hop,English,215,97,0.55,0.181,-12.72,0.091,0.64,0.093,0.194,0.754,92.18
S0378,Song_0378,Artist_005,Electronic,Telugu,249,62,0.582,0.912,-12.69,0.295,0.914,0.163,0.326,0.382,70.36
S0379,Song_0379,Artist_070,Hip-Hop,Hindi,227,93,0.37,0.709,-3.1,0.295,0.577,0.117,0.599,0.97,69.09
S0380,Song_0380,Artist_047,Pop,Tamil,165,43,0.261,0.972,-8.95,0.279,0.536,0.295,0.352,0.294,143.2
S0381,Song_0381,Artist_087,Indie,English,232,49,0.647,0.883,-14.18,0.24,0.024,0.189,0.597,0.287,182.1
S0382,Song_0382,Artist_068,R&B,English,311,36,0.277,0.543,-7.22,0.111,0.086,0.448,0.117,0.768,60.25
S0383,Song_0383,Artist_091,Pop,Tamil,193,10,0.55,0.581,-7.18,0.249,0.553,0.428,0.651,0.454,154.35
S0384,Song_0384,Artist_018,Pop,Hindi,283,95,0.934,0.308,-14.16,0.134,0.89,0.811,0.225,0.358,145.42
S0385,Song_0385,Artist_021,Rock,English,354,6,0.943,0.533,-2.36,0.111,0.825,0.031,0.222,0.216,155.2
S0386,Song_0386,Artist_092,Electronic,Telugu,341,57,0.387,0.9,-7.93,0.229,0.934,0.288,0.485,0.762,106.2
S0387,Song_0387,Artist_099,Jazz,Hindi,249,1,0.687,0.192,-7.72,0.042,0.506,0.537,0.084,0.781,166.66
S0388,Song_0388,Artist_086,Country,Hindi,171,71,0.57,0.867,-8.24,0.034,0.751,0.544,0.05,0.577,65.81
S0389,Song_0389,Artist_023,Hip-Hop,Hindi,167,58,0.883,0.433,-7.06,0.145,0.8,0.432,0.231,0.94,158.21
S0390,Song_0390,Artist_064,Pop,Tamil,161,91,0.412,0.897,-11.56,0.145,0.619,0.734,0.444,0.346,94.72
S0391,Song_0391,Artist_067,Hip-Hop,Tamil,329,21,0.203,0.931,-11.27,0.271,0.328,0.056,0.729,0.254,121.99
S0392,Song_0392,Artist_040,Hip-Hop,Telugu,272,92,0.327,0.707,-8.35,0.055,0.452,0.734,0.682,0.68,166.94
S0393,Song_0393,Artist_010,R&B,English,266,80,0.473,0.701,-4.51,0.055,0.816,0.445,0.408,0.755,95.28
S0394,Song_0394,Artist_089,Electronic,Tamil,200,56,0.446,0.526,-14.35,0.061,0.291,0.12,0.059,0.259,84.08
S0395,Song_0395,Artist_052,Electronic,Telugu,220,87,0.817,0.843,-7.16,0.028,0.878,0.797,0.442,0.121,148.57
S0396,Song_0396,Artist_072,Lo-Fi,Telugu,197,20,0.731,0.948,-4.51,0.04,0.226,0.584,0.573,0.804,129.34
S0397,Song_0397,Artist_075,Classical,English,168,54,0.434,0.793,-12.96,0.205,0.715,0.147,0.291,0.958,126.87
S0398,Song_0398,Artist_061,Electronic,Tamil,155,25,0.557,0.666,-14.8,0.141,0.603,0.03,0.116,0.65,93.38
S0399,Song_0399,Artist_064,Hip-Hop,Telugu,233,28,0.275,0.654,-10.93,0.234,0.715,0.127,0.244,0.308,64.53
S0400,Song_0400,Artist_005,Jazz,English,304,5,0.901,0.855,-7.35,0.298,0.421,0.548,0.624,0.977,113.33
S0401,Song_0401,Artist_053,Hip-Hop,English,202,21,0.93,0.599,-13.2,0.205,0.887,0.161,0.3,0.881,73.85
S0402,Song_0402,Artist_055,Jazz,Tamil,256,18,0.964,0.817,-9.46,0.034,0.605,0.203,0.655,0.527,177.78
S0403,Song_0403,Artist_037,Lo-Fi,English,250,47,0.877,0.572,-7.82,0.049,0.281,0.023,0.276,0.818,65.36
S0404,Song_0404,Artist_056,Jazz,Spanish,197,70,0.336,0.202,-7.21,0.267,0.61,0.651,0.156,0.809,116.11
S0405,Song_0405,Artist_059,Electronic,Telugu,284,57,0.236,0.469,-11.43,0.168,0.28,0.729,0.366,0.919,66.79
S0406,Song_0406,Artist_093,R&B,Hindi,336,93,0.652,0.519,-9.8,0.251,0.286,0.717,0.378,0.832,72.42
S0407,Song_0407,Artist_069,Jazz,English,218,19,0.912,0.268,-4.88,0.26,0.386,0.115,0.042,0.649,145.65
S0408,Song_0408,Artist_073,Hip-Hop,English,160,97,0.338,0.235,-2.76,0.28,0.811,0.813,0.12,0.617,144.12
S0409,Song_0409,Artist_059,Country,Spanish,292,65,0.205,0.594,-3.8,0.286,0.48,0.605,0.172,0.485,64.3
S0410,Song_0410,Artist_002,Electronic,English,341,3,0.828,0.221,-7.66,0.175,0.648,0.808,0.117,0.633,60.15
S0411,Song_0411,Artist_065,Country,Telugu,280,42,0.26,0.401,-9.67,0.115,0.378,0.402,0.293,0.79,70.25
S0412,Song_0412,Artist_060,Indie,English,271,21,0.523,0.768,-10.67,0.289,0.258,0.393,0.773,0.951,159.19
S0413,Song_0413,Artist_051,Indie,English,218,99,0.73,0.95,-13.38,0.173,0.907,0.706,0.422,0.485,135.99
S0414,Song_0414,Artist_030,Hip-Hop,English,172,40,0.385,0.746,-13.61,0.038,0.577,0.084,0.513,0.583,64.96
S0415,Song_0415,Artist_011,Indie,Hindi,330,67,0.265,0.974,-6.05,0.2,0.888,0.469,0.304,0.464,123.45
S0416,Song_0416,Artist_092,Classical,Spanish,186,25,0.801,0.73,-11.62,0.185,0.201,0.753,0.279,0.672,152.56
S0417,Song_0417,Artist_076,Lo-Fi,English,158,55,0.692,0.394,-11.69,0.271,0.148,0.747,0.048,0.636,172.96
S0418,Song_0418,Artist_039,Electronic,English,164,84,0.971,0.708,-2.02,0.203,0.814,0.861,0.415,0.067,181.42
S0419,Song_0419,Artist_090,Country,English,280,52,0.469,0.733,-12.56,0.118,0.65,0.628,0.402,0.553,102.57
S0420,Song_0420,Artist_077,Hip-Hop,Hindi,242,44,0.248,0.459,-13.08,0.291,0.185,0.187,0.152,0.132,77.66
S0421,Song_0421,Artist_072,Classical,English,347,98,0.773,0.165,-13.72,0.244,0.263,0.018,0.619,0.075,90.8
S0422,Song_0422,Artist_063,Hip-Hop,Tamil,166,85,0.607,0.734,-7.46,0.197,0.763,0.431,0.409,0.786,160.9
S0423,Song_0423,Artist_064,Classical,Hindi,303,56,0.366,0.168,-6.84,0.102,0.437,0.462,0.291,0.291,186.29
S0424,Song_0424,Artist_061,Indie,Hindi,298,55,0.81,0.674,-10.25,0.125,0.64,0.216,0.143,0.367,120.63
S0425,Song_0425,Artist_054,Indie,English,221,87,0.359,0.286,-8.04,0.208,0.309,0.112,0.455,0.11,99.7
S0426,Song_0426,Artist_092,Jazz,Spanish,298,70,0.403,0.619,-4.75,0.04,0.368,0.528,0.61,0.217,115.79
S0427,Song_0427,Artist_094,Rock,English,270,77,0.272,0.568,-4.36,0.092,0.941,0.688,0.247,0.762,99.63
S0428,Song_0428,Artist_073,Hip-Hop,English,160,87,0.512,0.161,-2.55,0.22,0.243,0.894,0.198,0.509,93.34
S0429,Song_0429,Artist_095,Jazz,Hindi,315,73,0.527,0.451,-4.28,0.154,0.486,0.682,0.432,0.869,137.19
S0430,Song_0430,Artist_058,Electronic,Hindi,221,81,0.601,0.649,-7.66,0.133,0.804,0.714,0.15,0.419,62.05
S0431,Song_0431,Artist_085,Jazz,English,255,66,0.753,0.854,-12.66,0.062,0.235,0.555,0.543,0.3,93.74
S0432,Song_0432,Artist_056,Pop,English,274,19,0.907,0.888,-13.7,0.144,0.4,0.887,0.496,0.373,145.98
S0433,Song_0433,Artist_034,Indie,Telugu,184,83,0.307,0.552,-14.29,0.236,0.588,0.576,0.097,0.713,64.17
S0434,Song_0434,Artist_031,Pop,English,268,7,0.242,0.755,-6.34,0.094,0.462,0.774,0.058,0.566,70.82
S0435,Song_0435,Artist_052,Hip-Hop,Tamil,163,63,0.214,0.413,-4.5,0.022,0.442,0.851,0.508,0.891,98.14
S0436,Song_0436,Artist_089,Country,Hindi,163,42,0.312,0.434,-8.39,0.207,0.351,0.837,0.257,0.61,174.11
S0437,Song_0437,Artist_076,Country,English,159,42,0.713,0.311,-14.29,0.292,0.561,0.343,0.097,0.509,159.44
S0438,Song_0438,Artist_001,Electronic,Hindi,289,59,0.767,0.616,-8.04,0.19,0.597,0.071,0.615,0.781,62.88
S0439,Song_0439,Artist_055,Jazz,English,187,20,0.813,0.411,-2.84,0.054,0.624,0.155,0.272,0.931,125.22
S0440,Song_0440,Artist_022,Country,Telugu,257,73,0.39,0.22,-7.23,0.11,0.076,0.053,0.384,0.381,95.71
S0441,Song_0441,Artist_040,Classical,Hindi,268,17,0.439,0.719,-4.48,0.263,0.603,0.095,0.212,0.282,144.32
S0442,Song_0442,Artist_001,Classical,English,183,27,0.577,0.737,-4.6,0.085,0.906,0.166,0.513,0.623,153.8
S0443,Song_0443,Artist_065,Electronic,Hindi,318,47,0.249,0.449,-2.88,0.19,0.519,0.307,0.262,0.514,172.17
S0444,Song_0444,Artist_063,Lo-Fi,Spanish,159,2,0.677,0.214,-4.99,0.133,0.682,0.489,0.775,0.97,121.8
S0445,Song_0445,Artist_054,Indie,English,271,63,0.967,0.504,-5.28,0.078,0.533,0.641,0.571,0.48,189.28
S0446,Song_0446,Artist_042,Jazz,Spanish,294,62,0.481,0.517,-11.96,0.248,0.813,0.19,0.135,0.119,187.4
S0447,Song_0447,Artist_021,Hip-Hop,English,294,100,0.787,0.705,-14.22,0.228,0.884,0.605,0.351,0.959,174.68
S0448,Song_0448,Artist_079,R&B,English,344,19,0.59,0.412,-8.27,0.205,0.183,0.634,0.327,0.835,134.73
S0449,Song_0449,Artist_081,R&B,English,339,17,0.3,0.717,-13.38,0.086,0.421,0.503,0.441,0.216,111.74
S0450,Song_0450,Artist_022,R&B,English,264,69,0.654,0.873,-2.49,0.047,0.379,0.813,0.678,0.891,107.37
S0451,Song_0451,Artist_038,Country,English,150,39,0.434,0.347,-11.23,0.181,0.391,0.1,0.479,0.367,61.58
S0452,Song_0452,Artist_099,Lo-Fi,English,161,82,0.227,0.963,-3.91,0.175,0.128,0.159,0.077,0.401,92.39
S0453,Song_0453,Artist_080,Lo-Fi,Tamil,252,71,0.695,0.471,-9.96,0.073,0.775,0.386,0.535,0.893,153.45
S0454,Song_0454,Artist_008,Jazz,Tamil,153,81,0.87,0.372,-10.8,0.036,0.044,0.114,0.036,0.543,138.47
S0455,Song_0455,Artist_062,Jazz,Telugu,319,39,0.469,0.5,-2.84,0.043,0.507,0.51,0.631,0.178,179.13
S0456,Song_0456,Artist_047,Lo-Fi,English,290,36,0.504,0.228,-10.28,0.298,0.632,0.359,0.543,0.393,66.5
S0457,Song_0457,Artist_017,Electronic,English,247,40,0.895,0.254,-9.93,0.239,0.205,0.256,0.268,0.722,80.19
S0458,Song_0458,Artist_017,Jazz,English,255,45,0.835,0.494,-13.62,0.278,0.861,0.153,0.255,0.212,162.6
S0459,Song_0459,Artist_090,Electronic,Telugu,234,4,0.758,0.783,-6.28,0.075,0.798,0.302,0.645,0.599,106.61
S0460,Song_0460,Artist_013,Pop,Spanish,270,25,0.394,0.897,-11.25,0.289,0.453,0.547,0.633,0.697,75.38
S0461,Song_0461,Artist_017,Classical,English,281,69,0.91,0.702,-7.39,0.06,0.396,0.518,0.301,0.37,189.54
S0462,Song_0462,Artist_038,Indie,English,231,30,0.32,0.237,-7.31,0.163,0.232,0.147,0.26,0.695,162.34
S0463,Song_0463,Artist_081,Jazz,Hindi,346,76,0.689,0.708,-5.65,0.252,0.696,0.112,0.461,0.872,113.14
S0464,Song_0464,Artist_078,Lo-Fi,English,168,68,0.222,0.677,-5.31,0.118,0.134,0.024,0.036,0.489,167.04
S0465,Song_0465,Artist_045,Classical,English,279,88,0.702,0.819,-8.31,0.139,0.649,0.011,0.094,0.406,148.48
S0466,Song_0466,Artist_006,Classical,Hindi,161,29,0.416,0.835,-10.7,0.056,0.802,0.792,0.127,0.284,162.7
S0467,Song_0467,Artist_035,Rock,Telugu,230,73,0.551,0.871,-4.11,0.054,0.225,0.041,0.173,0.612,165.98
S0468,Song_0468,Artist_014,Lo-Fi,English,223,68,0.469,0.494,-10.97,0.193,0.824,0.658,0.424,0.868,71.01
S0469,Song_0469,Artist_072,Indie,English,247,51,0.335,0.729,-8.4,0.209,0.041,0.785,0.794,0.352,140.99
S0470,Song_0470,Artist_061,Lo-Fi,Spanish,155,24,0.685,0.373,-9.78,0.238,0.868,0.088,0.533,0.418,60.88
S0471,Song_0471,Artist_015,Jazz,English,285,14,0.888,0.979,-3.88,0.176,0.121,0.393,0.077,0.428,65.65
S0472,Song_0472,Artist_054,Hip-Hop,English,274,69,0.948,0.296,-9.39,0.201,0.617,0.866,0.435,0.572,177.52
S0473,Song_0473,Artist_027,Pop,English,200,18,0.35,0.158,-9.98,0.024,0.245,0.751,0.412,0.262,128.58
S0474,Song_0474,Artist_013,Electronic,English,160,42,0.76,0.274,-6.03,0.065,0.796,0.441,0.141,0.815,155.67
S0475,Song_0475,Artist_031,Hip-Hop,English,340,57,0.718,0.794,-7.17,0.296,0.492,0.686,0.739,0.325,169.01
S0476,Song_0476,Artist_035,Pop,Telugu,334,83,0.468,0.521,-13.61,0.041,0.137,0.75,0.369,0.706,183.45
S0477,Song_0477,Artist_060,Hip-Hop,English,276,12,0.215,0.521,-8.39,0.21,0.547,0.313,0.796,0.527,173.02
S0478,Song_0478,Artist_006,Electronic,English,289,82,0.738,0.943,-5.44,0.069,0.393,0.803,0.353,0.595,122.83
S0479,Song_0479,Artist_069,Country,Telugu,222,17,0.937,0.913,-2.1,0.221,0.632,0.423,0.498,0.217,103.68
S0480,Song_0480,Artist_086,Lo-Fi,Hindi,151,30,0.693,0.408,-6.82,0.218,0.839,0.475,0.111,0.734,80.08
S0481,Song_0481,Artist_058,Hip-Hop,Tamil,157,88,0.54,0.324,-10.19,0.086,0.395,0.9,0.38,0.225,112.04
S0482,Song_0482,Artist_049,Jazz,Tamil,288,75,0.61,0.854,-12.06,0.095,0.282,0.759,0.214,0.156,107.64
S0483,Song_0483,Artist_023,Indie,English,273,99,0.356,0.902,-3.65,0.203,0.024,0.326,0.673,0.558,132.74
S0484,Song_0484,Artist_089,R&B,Telugu,202,23,0.785,0.6,-4.41,0.129,0.55,0.009,0.634,0.71,146.52
S0485,Song_0485,Artist_034,Jazz,Hindi,159,81,0.782,0.672,-11.96,0.074,0.388,0.564,0.665,0.097,187.18
S0486,Song_0486,Artist_026,Electronic,Spanish,261,1,0.314,0.363,-12.39,0.225,0.362,0.634,0.587,0.115,154.69
S0487,Song_0487,Artist_047,Indie,Hindi,157,79,0.885,0.815,-5.7,0.063,0.182,0.586,0.671,0.796,143.69
S0488,Song_0488,Artist_005,Jazz,Spanish,185,32,0.41,0.675,-10.91,0.26,0.414,0.871,0.185,0.802,103.56
S0489,Song_0489,Artist_090,Classical,Telugu,255,9,0.966,0.568,-11.02,0.164,0.935,0.777,0.378,0.278,64.49
S0490,Song_0490,Artist_020,Lo-Fi,English,353,15,0.499,0.2,-13.02,0.05,0.29,0.404,0.563,0.622,97.46
S0491,Song_0491,Artist_006,Indie,Hindi,163,28,0.339,0.91,-11.57,0.214,0.574,0.057,0.521,0.462,159.9
S0492,Song_0492,Artist_070,Classical,Spanish,331,24,0.474,0.661,-9.44,0.165,0.74,0.428,0.582,0.638,86.69
S0493,Song_0493,Artist_059,Jazz,Tamil,235,60,0.543,0.31,-5.47,0.103,0.714,0.62,0.203,0.852,152.58
S0494,Song_0494,Artist_064,Pop,English,298,35,0.254,0.653,-10.63,0.138,0.319,0.547,0.106,0.124,135.37
S0495,Song_0495,Artist_018,Rock,Telugu,199,86,0.651,0.712,-10.73,0.104,0.584,0.484,0.736,0.774,82.34
S0496,Song_0496,Artist_004,Pop,English,316,27,0.666,0.586,-11.3,0.094,0.829,0.422,0.461,0.509,94.01
S0497,Song_0497,Artist_017,Lo-Fi,English,169,83,0.776,0.746,-8.78,0.066,0.025,0.264,0.148,0.575,124.52
S0498,Song_0498,Artist_014,Indie,English,236,76,0.223,0.633,-12.65,0.122,0.42,0.25,0.641,0.658,114.39
S0499,Song_0499,Artist_078,Indie,English,284,20,0.622,0.937,-8.69,0.09,0.221,0.45,0.734,0.908,161.21
S0500,Song_0500,Artist_013,Lo-Fi,Telugu,286,65,0.241,0.195,-5.85,0.211,0.375,0.145,0.161,0.103,155.47
